time,annotation
0.08888888888888889,+
0.8583333333333333,N
1.3972222222222221,V
2.713888888888889,N
3.6527777777777777,N
4.586111111111111,N
5.475,N
6.372222222222222,N
6.911111111111111,V
8.21111111111111,N
9.155555555555555,N
10.036111111111111,N
10.897222222222222,N
11.825,N
12.355555555555556,V
13.627777777777778,N
14.552777777777777,N
15.422222222222222,N
16.33888888888889,N
17.25,N
18.113888888888887,N
19.066666666666666,N
20.0,N
20.866666666666667,N
21.13888888888889,+
21.413888888888888,V
22.716666666666665,N
23.269444444444446,V
24.61111111111111,N
25.144444444444446,V
26.475,N
27.044444444444444,V
28.316666666666666,N
28.947222222222223,V
30.18611111111111,N
30.73611111111111,V
31.40277777777778,+
32.06944444444444,N
32.952777777777776,N
33.85,N
34.727777777777774,N
35.56666666666667,N
35.83611111111111,+
36.108333333333334,V
37.394444444444446,N
37.93611111111111,V
39.22222222222222,N
39.791666666666664,V
41.077777777777776,N
41.61388888888889,V
42.266666666666666,+
42.919444444444444,N
43.8,N
44.666666666666664,N
45.56944444444444,N
46.44444444444444,N
46.96666666666667,V
48.30833333333333,N
49.227777777777774,N
49.75833333333333,V
51.077777777777776,N
52.016666666666666,N
52.55833333333333,V
53.897222222222226,N
54.48888888888889,V
55.84444444444444,N
56.769444444444446,N
57.03333333333333,+
57.3,V
58.61666666666667,N
59.15555555555556,V
60.452777777777776,N
61.02777777777778,V
61.638888888888886,+
62.25277777777778,N
63.17777777777778,N
64.06111111111112,N
64.94722222222222,N
65.89444444444445,N
66.81666666666666,N
67.79444444444445,N
68.74166666666666,N
69.63888888888889,N
70.175,V
71.54444444444445,N
72.42222222222222,N
73.33888888888889,N
74.24722222222222,N
75.13055555555556,N
76.01666666666667,N
76.93055555555556,N
77.45277777777778,V
78.80833333333334,N
79.77222222222223,N
80.70833333333333,N
81.6,N
82.5111111111111,N
82.81111111111112,+
83.08333333333333,V
84.40555555555555,N
84.93055555555556,V
86.29444444444445,N
86.83888888888889,V
87.48333333333333,+
88.13055555555556,N
89.06388888888888,N
89.93055555555556,N
90.825,N
91.73611111111111,N
92.62222222222222,N
93.51944444444445,N
94.44722222222222,N
95.35833333333333,N
96.26944444444445,N
97.20833333333333,N
98.16111111111111,N
99.07222222222222,N
100.04166666666667,N
100.98333333333333,N
101.9,N
102.85555555555555,N
103.76666666666667,N
104.66944444444445,N
105.63055555555556,N
106.53611111111111,N
107.43055555555556,N
108.375,N
109.27777777777777,N
110.16111111111111,N
111.06666666666666,N
111.94444444444444,N
112.85277777777777,N
113.75555555555556,N
114.66111111111111,N
115.57777777777778,N
116.4888888888889,N
117.01666666666667,V
118.31944444444444,N
119.24166666666666,N
120.1361111111111,N
121.00555555555556,N
121.89166666666667,N
122.79444444444445,N
123.65833333333333,N
124.53888888888889,N
125.08055555555555,V
126.36666666666666,N
127.31111111111112,N
128.22222222222223,N
129.11388888888888,N
130.0388888888889,N
130.92222222222222,N
131.1888888888889,+
131.45833333333334,V
132.76388888888889,N
133.30833333333334,V
134.61944444444444,N
135.275,V
135.9138888888889,+
136.5222222222222,N
137.47222222222223,N
138.3527777777778,N
138.8972222222222,V
140.1888888888889,N
141.09722222222223,N
141.625,V
142.94444444444446,N
143.85555555555555,N
144.76388888888889,N
145.65,N
146.51944444444445,N
147.05833333333334,V
148.3527777777778,N
149.3111111111111,N
150.21944444444443,N
151.09722222222223,N
152.01666666666668,N
152.90833333333333,N
153.79444444444445,N
154.71666666666667,N
155.60833333333332,N
156.49166666666667,N
157.42222222222222,N
158.29444444444445,N
158.8138888888889,V
160.14444444444445,N
161.03055555555557,N
161.54444444444445,V
162.84444444444443,N
163.73055555555555,N
164.26666666666668,V
165.53055555555557,N
166.08333333333334,V
167.38055555555556,N
168.25,N
168.75833333333333,V
170.0222222222222,N
170.88055555555556,N
171.79166666666666,N
172.70277777777778,N
173.5888888888889,N
173.86111111111111,+
174.13333333333333,V
175.5388888888889,N
176.44166666666666,N
176.98888888888888,V
178.36944444444444,N
179.35555555555555,N
179.89166666666668,V
181.24722222222223,N
182.18333333333334,N
182.7111111111111,V
184.03333333333333,N
184.9611111111111,N
185.50555555555556,V
186.17222222222222,+
186.8388888888889,N
187.38333333333333,V
188.70833333333334,N
189.625,N
189.88888888888889,+
190.15277777777777,V
191.43055555555554,N
191.99722222222223,V
193.2861111111111,N
193.8527777777778,V
195.13888888888889,N
195.7722222222222,V
197.03055555555557,N
197.5611111111111,V
198.88333333333333,N
199.44166666666666,V
200.09166666666667,+
200.74166666666667,N
201.68055555555554,N
202.57777777777778,N
203.47222222222223,N
204.42777777777778,N
205.34166666666667,N
205.86111111111111,V
207.20833333333334,N
207.775,V
209.11388888888888,N
210.0361111111111,N
210.92222222222222,N
211.19722222222222,+
211.475,V
212.8111111111111,N
213.3527777777778,V
214.6861111111111,N
215.23333333333332,V
215.88888888888889,+
216.54444444444445,N
217.4777777777778,N
218.35,N
219.28055555555557,N
220.20833333333334,N
221.08333333333334,N
222.01111111111112,N
222.95277777777778,N
223.89166666666668,N
224.83333333333334,N
225.79444444444445,N
226.76111111111112,N
227.2861111111111,V
228.60555555555555,N
229.55833333333334,N
230.44444444444446,N
230.98055555555555,V
232.30555555555554,N
232.84722222222223,V
234.18055555555554,N
235.09444444444443,N
235.94166666666666,N
236.49166666666667,V
237.7861111111111,N
238.05555555555554,+
238.32777777777778,V
239.64444444444445,N
240.51944444444445,N
241.0638888888889,V
242.36944444444444,N
243.25555555555556,N
243.80277777777778,V
245.10555555555555,N
246.0361111111111,N
246.575,V
247.23055555555555,+
247.88888888888889,N
248.61666666666667,V
249.85555555555555,N
250.73611111111111,N
251.2722222222222,V
252.6,N
253.56666666666666,N
254.4611111111111,N
255.32777777777778,N
256.27777777777777,N
256.80555555555554,V
258.10833333333335,N
259.06388888888887,N
259.97777777777776,N
260.8861111111111,N
261.77777777777777,N
262.30555555555554,V
263.6333333333333,N
264.56944444444446,N
265.4611111111111,N
266.3361111111111,N
267.2361111111111,N
267.77777777777777,V
269.10555555555555,N
270.0388888888889,N
270.975,N
271.8666666666667,N
272.39722222222224,V
273.7027777777778,N
274.23333333333335,V
275.55833333333334,N
276.475,N
277.35,N
277.88055555555553,V
279.1972222222222,N
280.0888888888889,N
280.975,N
281.2416666666667,+
281.5083333333333,V
282.81111111111113,N
283.3611111111111,V
284.64166666666665,N
285.23333333333335,V
285.89444444444445,+
286.52777777777777,N
287.4111111111111,N
287.94166666666666,V
289.2,N
290.0722222222222,N
290.6138888888889,V
291.85555555555555,N
292.73055555555555,N
293.0388888888889,+
293.31944444444446,V
294.5361111111111,N
295.05833333333334,V
296.3888888888889,N
296.9277777777778,V
298.23055555555555,N
298.81944444444446,V
299.4611111111111,+
300.075,N
301.00555555555553,N
301.27222222222224,+
301.5388888888889,V
302.8222222222222,N
303.72222222222223,N
304.2527777777778,V
305.5472222222222,N
306.43611111111113,N
306.9611111111111,V
308.2611111111111,N
309.1666666666667,N
309.68888888888887,V
310.98333333333335,N
311.8861111111111,N
312.4194444444444,V
313.1222222222222,+
313.7138888888889,N
314.2416666666667,V
315.5527777777778,N
316.4111111111111,N
317.25,N
318.125,N
318.96944444444443,N
319.85555555555555,N
320.76944444444445,N
321.6333333333333,N
322.15555555555557,V
323.49444444444447,N
324.0388888888889,V
325.3222222222222,N
326.225,N
327.0861111111111,N
327.35555555555555,+
327.6277777777778,V
328.9222222222222,N
329.8027777777778,N
330.3611111111111,V
331.64166666666665,N
332.51666666666665,N
333.0527777777778,V
334.31666666666666,N
335.2055555555556,N
335.7416666666667,V
336.97222222222223,N
337.88055555555553,N
338.40277777777777,V
339.63055555555553,N
340.5111111111111,N
341.0361111111111,V
341.6694444444444,+
342.30555555555554,N
343.2138888888889,N
344.1,N
344.97222222222223,N
345.50555555555553,V
346.76944444444445,N
347.31388888888887,V
348.56666666666666,N
349.4555555555556,N
350.31111111111113,N
351.1722222222222,N
352.0527777777778,N
352.90833333333336,N
353.7861111111111,N
354.675,N
355.53055555555557,N
356.4138888888889,N
357.34444444444443,N
358.2138888888889,N
359.09722222222223,N
360.02222222222224,N
360.89166666666665,N
361.40555555555557,V
362.69444444444446,N
363.23055555555555,V
364.53333333333336,N
365.43888888888887,N
366.2916666666667,N
366.85555555555555,V
368.1361111111111,N
368.40277777777777,+
368.6722222222222,V
369.9583333333333,N
370.8305555555556,N
371.35555555555555,V
372.63055555555553,N
373.50555555555553,N
374.01944444444445,V
375.3,N
376.175,N
376.69444444444446,V
377.96666666666664,N
378.85277777777776,N
379.39722222222224,V
380.68055555555554,N
381.56111111111113,N
382.1111111111111,V
383.40555555555557,N
384.2611111111111,N
384.78055555555557,V
385.40833333333336,+
386.0388888888889,N
386.9277777777778,N
387.8027777777778,N
388.69444444444446,N
389.6222222222222,N
390.51944444444445,N
391.43055555555554,N
392.3333333333333,N
393.23055555555555,N
394.1611111111111,N
394.7083333333333,V
396.0111111111111,N
396.97222222222223,N
397.8611111111111,N
398.7111111111111,N
399.6222222222222,N
400.4888888888889,N
401.375,N
402.2861111111111,N
403.15277777777777,N
404.05,N
404.975,N
405.85555555555555,N
406.73333333333335,N
407.64722222222224,N
408.5416666666667,N
409.45,N
410.34444444444443,N
411.225,N
412.1277777777778,N
413.01944444444445,N
413.88055555555553,N
414.76944444444445,N
415.68055555555554,N
416.5722222222222,N
417.44166666666666,N
418.34444444444443,N
419.25555555555553,N
420.09444444444443,N
420.9638888888889,N
421.49444444444447,V
422.7638888888889,N
423.7,N
424.60555555555555,N
425.4611111111111,N
426.3638888888889,N
426.9138888888889,V
428.2055555555556,N
429.1388888888889,N
430.00555555555553,N
430.9,N
431.8222222222222,N
432.68888888888887,N
433.60833333333335,N
434.5527777777778,N
435.44444444444446,N
435.7,+
435.9555555555556,V
437.2888888888889,N
438.1972222222222,N
438.74444444444447,V
440.06944444444446,N
440.96666666666664,N
441.52222222222224,V
442.85277777777776,N
443.73333333333335,N
444.26666666666665,V
445.5361111111111,N
446.43055555555554,N
446.9555555555556,V
447.5805555555556,+
448.2083333333333,N
448.76666666666665,V
450.0444444444444,N
450.9277777777778,N
451.77222222222224,N
452.3,V
453.625,N
454.5111111111111,N
455.4166666666667,N
456.3638888888889,N
457.25,N
458.1388888888889,N
459.06944444444446,N
459.9555555555556,N
460.48333333333335,V
461.825,N
462.3611111111111,V
463.68888888888887,N
464.63055555555553,N
465.4916666666667,N
465.7638888888889,+
466.0388888888889,V
467.34166666666664,N
467.89166666666665,V
469.2055555555556,N
469.7527777777778,V
470.40555555555557,+
471.06111111111113,N
471.9888888888889,N
472.8388888888889,N
473.71944444444443,N
474.6138888888889,N
475.14444444444445,V
476.4611111111111,N
477.4,N
478.3333333333333,N
479.2138888888889,N
480.10555555555555,N
480.65277777777777,V
481.9527777777778,N
482.925,N
483.8361111111111,N
484.7111111111111,N
485.65,N
486.53055555555557,N
487.4111111111111,N
488.34722222222223,N
489.22222222222223,N
490.1166666666667,N
491.05833333333334,N
491.9638888888889,N
492.8611111111111,N
493.7888888888889,N
494.68611111111113,N
495.56388888888887,N
496.4638888888889,N
497.3666666666667,N
498.26666666666665,N
499.15555555555557,N
500.0388888888889,N
500.93055555555554,N
501.8305555555556,N
502.7083333333333,N
503.575,N
504.47777777777776,N
505.3777777777778,N
506.2527777777778,N
507.15555555555557,N
508.0527777777778,N
508.9527777777778,N
509.8638888888889,N
510.7583333333333,N
511.64166666666665,N
512.5722222222222,N
513.4638888888888,N
514.3638888888889,N
515.2888888888889,N
516.1722222222222,N
517.0694444444445,N
517.9694444444444,N
518.8444444444444,N
519.7305555555556,N
520.6583333333333,N
521.5666666666667,N
522.4361111111111,N
523.3833333333333,N
524.3138888888889,N
525.1777777777778,N
526.0916666666667,N
526.9888888888889,N
527.875,N
528.7833333333333,N
529.6666666666666,N
530.5666666666667,N
531.4805555555556,N
532.3611111111111,N
533.2444444444444,N
534.1444444444444,N
535.0444444444445,N
535.9472222222222,N
536.85,N
537.7527777777777,N
538.6305555555556,N
539.4972222222223,N
540.3611111111111,N
541.2194444444444,N
542.0944444444444,N
542.9861111111111,N
543.8416666666667,N
544.7472222222223,N
545.3027777777778,V
546.5944444444444,N
547.5388888888889,N
548.4472222222222,N
549.3222222222222,N
550.2555555555556,N
550.7722222222222,V
552.0916666666667,N
553.0611111111111,N
553.9833333333333,N
554.8805555555556,N
555.7888888888889,N
556.3138888888889,V
557.6638888888889,N
558.6166666666667,N
559.5305555555556,N
560.4305555555555,N
561.3388888888888,N
561.8555555555556,V
563.1777777777778,N
564.1305555555556,N
565.0388888888889,N
565.8972222222222,N
566.8055555555555,N
567.6861111111111,N
567.9527777777778,+
568.2194444444444,V
569.55,N
570.4444444444445,N
570.975,V
572.3472222222222,N
573.2583333333333,N
573.7833333333333,V
575.1361111111111,N
576.0638888888889,N
576.5861111111111,V
577.8972222222222,N
578.8277777777778,N
579.3666666666667,V
580.6777777777778,N
581.6055555555556,N
582.1388888888889,V
583.4527777777778,N
584.0055555555556,V
585.3305555555555,N
586.2194444444444,N
586.7666666666667,V
588.0416666666666,N
588.9638888888888,N
589.5111111111111,V
590.7944444444445,N
591.6777777777778,N
592.1944444444445,V
593.4722222222222,N
594.0138888888889,V
595.3111111111111,N
596.1694444444445,N
596.725,V
597.9722222222222,N
598.8333333333334,N
599.3694444444444,V
600.7027777777778,N
601.6444444444444,N
602.1666666666666,V
602.8333333333334,+
603.5,N
604.425,N
605.3416666666667,N
606.2333333333333,N
607.125,N
608.025,N
608.9416666666667,N
609.8222222222222,N
610.3722222222223,V
611.6944444444445,N
612.5944444444444,N
613.1277777777777,V
614.4277777777778,N
614.9638888888888,V
616.2888888888889,N
617.1777777777778,N
618.0277777777778,N
618.9194444444445,N
619.8055555555555,N
620.675,N
621.5861111111111,N
622.1083333333333,V
623.4166666666666,N
624.3861111111111,N
625.2611111111111,N
626.125,N
627.0583333333333,N
627.5833333333334,V
628.8972222222222,N
629.8722222222223,N
630.7833333333333,N
631.6888888888889,N
632.6111111111111,N
633.1305555555556,V
634.4944444444444,N
635.4527777777778,N
636.3444444444444,N
637.2083333333334,N
638.1194444444444,N
639.0361111111112,N
639.9027777777778,N
640.8222222222222,N
641.7416666666667,N
642.6111111111111,N
643.5166666666667,N
644.4194444444445,N
645.3055555555555,N
646.2388888888889,N
647.125,N
648.0055555555556,N
648.9527777777778,N
649.8222222222222,N
650.3333333333334,V
651.6555555555556,N
652.5527777777778,N
653.0833333333334,V
654.3972222222222,N
655.3,N
656.2027777777778,N
657.1,N
657.9555555555555,N
658.8361111111111,N
659.75,N
660.6583333333333,N
661.5277777777778,N
662.4555555555555,N
663.3638888888889,N
664.2694444444444,N
665.1833333333333,N
666.0861111111111,N
666.9888888888889,N
667.9361111111111,N
668.825,N
669.0916666666667,+
669.3583333333333,V
670.7166666666667,N
671.6333333333333,N
672.1694444444445,V
673.4722222222222,N
674.3777777777777,N
674.9111111111112,V
675.575,+
676.2388888888889,N
677.1222222222223,N
678.0416666666666,N
678.9277777777778,N
679.7777777777778,N
680.3194444444445,V
681.6416666666667,N
682.5472222222222,N
683.0888888888888,V
684.4027777777778,N
685.2972222222222,N
686.1916666666667,N
687.075,N
687.9583333333334,N
688.4805555555556,V
689.7777777777778,N
690.6916666666667,N
691.2277777777778,V
692.5222222222222,N
693.4638888888888,N
694.375,N
695.2305555555556,N
696.1083333333333,N
697.0083333333333,N
697.8888888888889,N
698.7666666666667,N
699.6666666666666,N
700.5666666666667,N
701.4638888888888,N
702.3388888888888,N
703.2333333333333,N
704.1055555555556,N
705.0222222222222,N
705.9305555555555,N
706.7861111111112,N
707.7083333333334,N
708.2361111111111,V
709.5333333333333,N
710.4805555555556,N
711.3611111111111,N
712.2638888888889,N
713.1861111111111,N
713.7055555555555,V
715.0305555555556,N
715.9833333333333,N
716.8583333333333,N
717.7333333333333,N
718.6027777777778,N
719.1361111111111,V
720.4388888888889,N
721.3583333333333,N
722.25,N
723.1361111111111,N
724.05,N
724.5611111111111,V
725.8944444444444,N
726.8583333333333,N
727.7805555555556,N
728.6833333333333,N
729.6222222222223,N
730.5194444444444,N
731.0472222222222,V
732.3805555555556,N
733.2861111111112,N
733.8111111111111,V
735.1611111111112,N
736.0666666666667,N
736.5916666666667,V
737.9277777777778,N
738.4777777777778,V
739.8416666666667,N
740.7444444444444,N
741.6694444444445,N
742.6083333333333,N
743.4861111111111,N
744.0083333333333,V
745.3444444444444,N
745.8888888888889,V
747.2,N
748.1222222222223,N
748.9944444444444,N
749.5305555555556,V
750.8388888888888,N
751.3805555555556,V
752.7111111111111,N
753.6527777777778,N
754.5166666666667,N
755.4194444444445,N
756.3388888888888,N
757.2305555555556,N
757.4916666666667,+
757.7555555555556,V
759.0722222222222,N
759.9916666666667,N
760.525,V
761.8361111111111,N
762.7333333333333,N
763.2611111111111,V
764.5805555555555,N
765.4972222222223,N
765.7555555555556,+
766.0138888888889,V
767.3333333333334,N
767.8916666666667,V
769.2111111111111,N
769.7527777777777,V
770.3944444444444,+
771.0388888888889,N
771.9666666666667,N
772.825,N
773.0888888888888,+
773.3527777777778,V
774.6722222222222,N
775.5916666666667,N
776.1055555555556,V
777.4361111111111,N
778.3388888888888,N
778.8777777777777,V
780.2083333333334,N
781.1083333333333,N
781.6527777777778,V
782.95,N
783.8527777777778,N
784.1166666666667,+
784.3805555555556,V
785.6638888888889,N
786.2083333333334,V
787.4944444444444,N
788.0444444444445,V
789.3444444444444,N
790.0083333333333,V
790.6416666666667,+
791.2416666666667,N
792.1972222222222,N
793.0972222222222,N
793.9972222222223,N
794.9027777777778,N
795.4166666666666,V
796.7611111111111,N
797.7194444444444,N
798.6166666666667,N
799.5083333333333,N
800.4361111111111,N
801.3527777777778,N
802.225,N
803.1333333333333,N
804.0472222222222,N
804.9555555555555,N
805.8555555555556,N
806.7416666666667,N
807.6222222222223,N
808.5472222222222,N
809.4083333333333,N
810.2777777777778,N
811.2055555555555,N
812.0805555555555,N
812.9472222222222,N
813.8638888888889,N
814.7277777777778,N
815.625,N
816.5416666666666,N
817.0555555555555,V
818.3611111111111,N
819.3138888888889,N
820.2,N
821.1027777777778,N
822.0027777777777,N
822.8861111111111,N
823.425,V
824.775,N
825.3111111111111,V
826.65,N
827.5944444444444,N
828.475,N
828.9916666666667,V
830.3444444444444,N
830.8972222222222,V
832.2111111111111,N
833.1444444444444,N
834.0416666666666,N
834.5694444444445,V
835.8972222222222,N
836.8416666666667,N
837.3666666666667,V
838.7166666666667,N
839.2527777777777,V
840.5861111111111,N
841.4944444444444,N
842.3722222222223,N
843.2555555555556,N
844.1277777777777,N
844.9944444444444,N
845.9222222222222,N
846.825,N
847.7166666666667,N
848.6805555555555,N
849.6083333333333,N
850.5,N
851.4388888888889,N
852.3444444444444,N
853.2611111111111,N
854.1722222222222,N
855.05,N
855.5916666666667,V
856.9416666666667,N
857.8388888888888,N
858.7555555555556,N
859.675,N
860.575,N
861.4555555555555,N
862.3416666666667,N
863.2444444444444,N
864.1083333333333,N
864.975,N
865.85,N
866.7194444444444,N
867.6361111111111,N
868.5111111111111,N
869.0333333333333,V
870.3555555555556,N
871.2638888888889,N
871.7944444444445,V
873.1083333333333,N
873.9972222222223,N
874.9194444444445,N
875.8305555555555,N
876.6916666666667,N
877.6,N
878.5166666666667,N
879.3722222222223,N
880.2833333333333,N
881.1972222222222,N
882.1083333333333,N
883.0027777777777,N
883.9194444444445,N
884.4472222222222,V
885.7861111111112,N
886.725,N
887.6611111111112,N
888.5444444444445,N
889.4666666666667,N
890.0027777777777,V
891.3083333333333,N
892.2777777777778,N
893.1805555555555,N
894.0638888888889,N
895.0,N
895.8888888888889,N
896.7861111111112,N
897.725,N
898.6,N
899.1194444444444,V
900.4916666666667,N
901.0333333333333,V
902.3527777777778,N
903.2722222222222,N
904.1555555555556,N
904.7,V
906.0055555555556,N
906.9194444444445,N
907.8222222222222,N
908.3777777777777,V
909.6611111111112,N
910.5833333333334,N
911.4944444444444,N
912.3833333333333,N
912.9305555555555,V
914.25,N
915.1555555555556,N
916.0722222222222,N
916.9805555555556,N
917.8972222222222,N
918.7805555555556,N
919.7083333333334,N
920.6194444444444,N
921.4861111111111,N
922.0555555555555,V
923.3666666666667,N
924.25,N
925.125,N
926.0055555555556,N
926.8944444444444,N
927.75,N
928.6416666666667,N
929.1694444444445,V
930.4888888888889,N
931.4333333333333,N
932.3666666666667,N
933.2416666666667,N
934.1805555555555,N
935.1083333333333,N
935.9916666666667,N
936.9277777777778,N
937.8361111111111,N
938.7222222222222,N
939.6666666666666,N
940.5888888888888,N
941.5027777777777,N
942.4611111111111,N
943.3666666666667,N
944.3,N
945.2222222222222,N
946.0916666666667,N
946.3583333333333,+
946.6277777777777,V
947.95,N
948.8722222222223,N
949.4277777777778,V
950.7194444444444,N
951.65,N
952.1777777777778,V
953.4583333333334,N
954.3777777777777,N
954.9055555555556,V
956.2111111111111,N
957.1416666666667,N
957.6722222222222,V
958.9888888888889,N
959.8944444444444,N
960.425,V
961.6944444444445,N
962.5722222222222,N
963.1,V
964.4055555555556,N
965.275,N
965.5361111111112,+
965.7972222222222,V
967.0916666666667,N
967.65,V
968.9444444444445,N
969.4777777777778,V
970.1166666666667,+
970.7555555555556,N
971.6805555555555,N
972.5444444444445,N
973.4,N
974.2861111111112,N
974.8277777777778,V
976.1027777777778,N
977.025,N
977.9138888888889,N
978.7944444444445,N
979.3277777777778,V
980.6416666666667,N
981.2111111111111,V
982.5138888888889,N
983.4472222222222,N
984.3194444444445,N
984.8444444444444,V
986.1527777777778,N
986.6916666666667,V
987.9777777777778,N
988.8944444444444,N
989.7611111111111,N
990.6611111111112,N
991.5611111111111,N
992.4361111111111,N
993.3694444444444,N
994.25,N
994.775,V
996.1416666666667,N
996.7138888888888,V
998.0222222222222,N
998.9583333333334,N
999.8333333333334,N
1000.7388888888889,N
1001.6333333333333,N
1002.5166666666667,N
1003.4138888888889,N
1004.3361111111111,N
1005.2055555555555,N
1006.0861111111111,N
1006.9916666666667,N
1007.875,N
1008.7611111111111,N
1009.6527777777778,N
1010.5472222222222,N
1011.4472222222222,N
1012.35,N
1013.2388888888889,N
1014.1138888888889,N
1015.025,N
1015.9333333333333,N
1016.8083333333333,N
1017.7333333333333,N
1018.2666666666667,V
1019.5722222222222,N
1020.5055555555556,N
1021.3888888888889,N
1022.2472222222223,N
1022.7777777777778,V
1024.0638888888889,N
1024.6166666666666,V
1025.9222222222222,N
1026.8666666666666,N
1027.7472222222223,N
1028.6277777777777,N
1029.5583333333334,N
1030.4777777777779,N
1031.375,N
1032.2777777777778,N
1033.1944444444443,N
1034.0861111111112,N
1034.9805555555556,N
1035.875,N
1036.7527777777777,N
1037.6944444444443,N
1038.5972222222222,N
1039.4777777777779,N
1040.4472222222223,N
1041.3833333333334,N
1042.2666666666667,N
1043.2166666666667,N
1044.1361111111112,N
1044.6583333333333,V
1046.0083333333334,N
1046.5333333333333,V
1047.8777777777777,N
1048.8472222222222,N
1049.7055555555555,N
1050.5805555555555,N
1051.463888888889,N
1052.3472222222222,N
1053.2166666666667,N
1054.1055555555556,N
1055.0083333333334,N
1055.8861111111112,N
1056.7805555555556,N
1057.6666666666667,N
1058.5527777777777,N
1059.475,N
1060.3777777777777,N
1061.2805555555556,N
1062.2305555555556,N
1063.1361111111112,N
1063.4,+
1063.6666666666667,V
1065.0277777777778,N
1065.5777777777778,V
1066.9666666666667,N
1067.5277777777778,V
1068.2166666666667,+
1068.9055555555556,N
1069.9027777777778,N
1070.8444444444444,N
1071.7833333333333,N
1072.7194444444444,N
1073.65,N
1074.6083333333333,N
1075.5555555555557,N
1076.5083333333334,N
1077.0638888888889,V
1078.4388888888889,N
1079.4194444444445,N
1079.6777777777777,+
1079.9388888888889,V
1081.3166666666666,N
1081.8777777777777,V
1083.2305555555556,N
1083.7666666666667,V
1084.45,+
1085.1333333333334,N
1086.0833333333333,N
1086.9972222222223,N
1087.5194444444444,V
1088.888888888889,N
1089.8444444444444,N
1090.7611111111112,N
1091.713888888889,N
1092.6527777777778,N
1093.5722222222223,N
1093.838888888889,+
1094.1083333333333,V
1095.4583333333333,N
1096.0,V
1097.3777777777777,N
1097.9194444444445,V
1098.588888888889,+
1099.2611111111112,N
1100.2611111111112,N
1101.1777777777777,N
1102.0666666666666,N
1102.9666666666667,N
1103.9138888888888,N
1104.8166666666666,N
1105.7027777777778,N
1105.9722222222222,+
1106.2416666666666,V
1107.588888888889,N
1108.1083333333333,V
1109.425,N
1109.9777777777779,V
1110.6416666666667,+
1111.3083333333334,N
1112.2388888888888,N
1112.775,V
1114.0861111111112,N
1114.9583333333333,N
1115.763888888889,N
1116.5722222222223,N
1116.8777777777777,+
1117.1083333333333,V
1118.0916666666667,N
1118.6361111111112,V
1119.5444444444445,N
1120.0805555555555,V
1120.5083333333334,+
1120.9388888888889,N
1121.6722222222222,N
1122.3527777777779,N
1122.8777777777777,V
1124.1055555555556,N
1124.9388888888889,N
1125.786111111111,N
1126.6527777777778,N
1127.4972222222223,N
1128.0083333333334,V
1129.3361111111112,N
1130.2,N
1131.0583333333334,N
1131.9555555555555,N
1132.2166666666667,+
1132.4777777777779,V
1133.8111111111111,N
1134.3333333333333,V
1135.6361111111112,N
1136.2166666666667,V
1137.5083333333334,N
1138.0333333333333,V
1139.3333333333333,N
1139.861111111111,V
1140.5,+
1141.1416666666667,N
1141.9972222222223,N
1142.7972222222222,N
1143.6555555555556,N
1144.5,N
1144.7694444444444,+
1145.0416666666667,V
1146.2944444444445,N
1146.8222222222223,V
1148.0916666666667,N
1148.65,V
1149.2583333333334,+
1149.8666666666666,N
1150.7277777777779,N
1151.55,N
1152.3638888888888,N
1152.6666666666667,+
1152.8944444444444,V
1154.0472222222222,N
1154.5694444444443,V
1155.7416666666666,N
1156.3416666666667,V
1157.4083333333333,N
1157.9444444444443,V
1159.1027777777779,N
1159.6861111111111,V
1160.2055555555555,+
1160.7277777777779,N
1161.4805555555556,N
1162.2333333333333,N
1163.013888888889,N
1163.8222222222223,N
1164.3416666666667,V
1165.5805555555555,N
1166.486111111111,N
1167.3472222222222,N
1168.2333333333333,N
1169.1,N
1169.3638888888888,+
1169.6277777777777,V
1170.8972222222221,N
1171.7888888888888,N
1172.3083333333334,V
1173.5583333333334,N
1174.4305555555557,N
1174.9388888888889,V
1176.1638888888888,N
1177.0222222222221,N
1177.5472222222222,V
1178.736111111111,N
1179.5777777777778,N
1179.8472222222222,+
1180.1166666666666,V
1181.3111111111111,N
1181.861111111111,V
1183.0444444444445,N
1183.6055555555556,V
1184.7972222222222,N
1185.3361111111112,V
1186.5055555555555,N
1187.0277777777778,V
1187.6138888888888,+
1188.2027777777778,N
1189.0277777777778,N
1189.8305555555555,N
1190.6277777777777,N
1191.1583333333333,V
1192.3555555555556,N
1192.9,V
1194.0638888888889,N
1194.9027777777778,N
1195.7222222222222,N
1196.5583333333334,N
1197.0805555555555,V
1198.2777777777778,N
1199.1,N
1199.9333333333334,N
1200.7527777777777,N
1201.2694444444444,V
1202.4361111111111,N
1202.9583333333333,V
1204.0944444444444,N
1204.8972222222221,N
1205.4166666666667,V
1206.4833333333333,N
1206.8444444444444,~
1207.2777777777778,N
1208.0277777777778,N
1208.5527777777777,V
1209.6055555555556,N
1210.375,N
1211.1416666666667,N
1211.6805555555557,V
1212.6472222222221,N
1213.3916666666667,N
1213.9416666666666,V
1214.9305555555557,N
1215.5472222222222,V
1216.2583333333334,N
1217.036111111111,N
1217.7777777777778,N
1218.036111111111,+
1218.2944444444445,V
1219.4166666666667,N
1220.2388888888888,N
1220.7555555555555,V
1222.036111111111,N
1222.9333333333334,N
1223.45,V
1224.2472222222223,~
1224.8666666666666,N
1225.85,N
1226.3472222222222,V
1227.0722222222223,+
1227.7972222222222,N
1228.763888888889,N
1229.7222222222222,N
1230.6472222222221,N
1231.575,N
1231.8472222222222,+
1232.1222222222223,V
1233.5055555555555,N
1234.0444444444445,V
1235.3972222222221,N
1235.9361111111111,V
1237.2888888888888,N
1237.825,V
1238.475,+
1239.1277777777777,N
1240.025,N
1240.9277777777777,N
1241.8138888888889,N
1242.6805555555557,N
1243.225,V
1244.536111111111,N
1245.463888888889,N
1245.9777777777779,V
1247.3,N
1247.8361111111112,V
1249.1416666666667,N
1250.0194444444444,N
1250.536111111111,V
1251.8527777777779,N
1252.7416666666666,N
1253.6222222222223,N
1253.8944444444444,+
1254.1694444444445,V
1255.4722222222222,N
1255.9805555555556,V
1257.2833333333333,N
1257.8166666666666,V
1258.4916666666666,+
1259.1694444444445,N
1260.0777777777778,N
1261.0083333333334,N
1261.5555555555557,V
1262.8972222222221,N
1263.8222222222223,N
1264.7388888888888,N
1265.2722222222221,V
1266.6305555555555,N
1267.1666666666667,V
1268.4972222222223,N
1269.4277777777777,N
1269.9611111111112,V
1271.2916666666667,N
1271.5583333333334,+
1271.825,V
1273.1722222222222,N
1274.1166666666666,N
1274.6305555555555,V
1275.9833333333333,N
1276.9305555555557,N
1277.4611111111112,V
1278.7583333333334,N
1279.6861111111111,N
1280.2166666666667,V
1281.5166666666667,N
1282.4527777777778,N
1282.713888888889,+
1282.9777777777779,V
1284.2805555555556,N
1284.8333333333333,V
1286.0583333333334,N
1286.5805555555555,V
1287.213888888889,+
1287.8472222222222,N
1288.713888888889,N
1289.5777777777778,N
1290.4805555555556,N
1291.4277777777777,N
1291.6888888888889,+
1291.9527777777778,V
1293.4027777777778,N
1293.9527777777778,V
1295.425,N
1296.036111111111,V
1297.4027777777778,N
1297.9472222222223,V
1299.388888888889,N
1299.8972222222221,V
1301.2305555555556,N
1301.7722222222221,V
1303.088888888889,N
1303.6361111111112,V
1304.2916666666667,+
1304.9472222222223,N
1305.8555555555556,N
1306.775,N
1307.2944444444445,V
1308.625,N
1309.1555555555556,V
1310.5722222222223,N
1311.4944444444445,N
1312.4222222222222,N
1313.3416666666667,N
1314.2666666666667,N
1314.7888888888888,V
1316.1555555555556,N
1317.1083333333333,N
1317.65,V
1319.0166666666667,N
1319.963888888889,N
1320.925,N
1321.1888888888889,+
1321.4527777777778,V
1322.7694444444444,N
1323.3027777777777,V
1324.6555555555556,N
1325.2083333333333,V
1325.8777777777777,+
1326.55,N
1327.5055555555555,N
1328.4416666666666,N
1328.7083333333333,+
1328.9777777777779,V
1330.3138888888889,N
1330.85,V
1332.2166666666667,N
1332.7694444444444,V
1334.0916666666667,N
1334.6305555555555,V
1335.9916666666666,N
1336.5333333333333,V
1337.8527777777779,N
1338.3833333333334,V
1339.6972222222223,N
1340.2555555555555,V
1341.5222222222221,N
1342.0611111111111,V
1342.6805555555557,+
1343.3,N
1344.1305555555555,N
1344.9583333333333,N
1345.7333333333333,N
1346.5333333333333,N
1347.3722222222223,N
1348.1916666666666,N
1349.0083333333334,N
1349.9027777777778,N
1350.7972222222222,N
1351.6694444444445,N
1352.6027777777779,N
1353.5527777777777,N
1354.4805555555556,N
1355.4388888888889,N
1356.4166666666667,N
1357.3916666666667,N
1358.35,N
1358.6138888888888,+
1358.8805555555555,V
1360.3027777777777,N
1360.8527777777779,V
1362.2166666666667,N
1362.7444444444445,V
1364.0416666666667,N
1364.6277777777777,V
1365.2611111111112,+
1365.8944444444444,N
1366.7694444444444,N
1367.2944444444445,V
1368.5083333333334,N
1369.3861111111112,N
1369.9138888888888,V
1371.1083333333333,N
1371.6527777777778,V
1372.8972222222221,N
1373.7194444444444,N
1374.5777777777778,N
1375.4527777777778,N
1376.3444444444444,N
1377.263888888889,N
1377.5305555555556,+
1377.8,V
1379.1138888888888,N
1379.6527777777778,V
1380.9833333333333,N
1381.525,V
1382.8416666666667,N
1383.3777777777777,V
1384.713888888889,N
1385.2555555555555,V
1385.9055555555556,+
1386.5583333333334,N
1387.4666666666667,N
1387.9916666666666,V
1389.2166666666667,N
1389.7694444444444,V
1390.9666666666667,N
1391.8111111111111,N
1392.6333333333334,N
1393.15,V
1394.3527777777779,N
1394.8944444444444,V
1396.0638888888889,N
1396.9277777777777,N
1397.45,V
1398.7166666666667,N
1399.611111111111,N
1399.875,+
1400.138888888889,V
1401.45,N
1401.9888888888888,V
1403.3,N
1403.8416666666667,V
1405.2611111111112,N
1405.8055555555557,V
1406.5055555555555,+
1407.2055555555555,N
1408.1916666666666,N
1408.7388888888888,V
1410.1027777777779,N
1411.088888888889,N
1411.6138888888888,V
1412.9888888888888,N
1413.5527777777777,V
1414.9166666666667,N
1415.8694444444445,N
1416.4,V
1417.75,N
1418.7,N
1419.6166666666666,N
1420.1416666666667,V
1421.4888888888888,N
1422.036111111111,V
1423.3944444444444,N
1424.3333333333333,N
1425.2416666666666,N
1425.7944444444445,V
1427.1277777777777,N
1427.6805555555557,V
1429.0583333333334,N
1429.9777777777779,N
1430.5194444444444,V
1431.8777777777777,N
1432.8305555555555,N
1433.7555555555555,N
1434.6555555555556,N
1435.1888888888889,V
1436.575,N
1437.5166666666667,N
1438.4972222222223,N
1439.4222222222222,N
1440.3333333333333,N
1440.8944444444444,V
1442.2305555555556,N
1442.7972222222222,V
1444.1472222222221,N
1445.0694444444443,N
1445.6194444444445,V
1446.9222222222222,N
1447.8194444444443,N
1448.7,N
1449.236111111111,V
1450.5222222222221,N
1451.0555555555557,V
1452.2666666666667,N
1453.15,N
1453.6833333333334,V
1454.8833333333334,N
1455.4388888888889,V
1456.6805555555557,N
1457.5722222222223,N
1458.463888888889,N
1458.7277777777779,+
1458.9916666666666,V
1460.3722222222223,N
1460.9194444444445,V
1462.25,N
1462.8194444444443,V
1463.4666666666667,+
1464.1138888888888,N
1465.0444444444445,N
1465.3083333333334,+
1465.5722222222223,V
1466.825,N
1467.7305555555556,N
1468.25,V
1469.4888888888888,N
1470.3833333333334,N
1470.9055555555556,V
1472.2083333333333,N
1473.1138888888888,N
1473.6444444444444,V
1474.9388888888889,N
1475.8277777777778,N
1476.0972222222222,+
1476.3666666666666,V
1477.6055555555556,N
1478.1361111111112,V
1479.4166666666667,N
1479.9694444444444,V
1480.588888888889,+
1481.2111111111112,N
1482.0805555555555,N
1482.9527777777778,N
1483.8472222222222,N
1484.7666666666667,N
1485.0305555555556,+
1485.2944444444445,V
1486.6583333333333,N
1487.2222222222222,V
1488.6,N
1489.1305555555555,V
1490.4777777777779,N
1491.0583333333334,V
1492.3472222222222,N
1492.9555555555555,V
1494.2,N
1494.7472222222223,V
1496.013888888889,N
1496.5722222222223,V
1497.2083333333333,+
1497.8444444444444,N
1498.7111111111112,N
1499.5805555555555,N
1500.4361111111111,N
1501.3222222222223,N
1502.2222222222222,N
1503.1305555555555,N
1504.0861111111112,N
1505.0388888888888,N
1505.975,N
1506.9527777777778,N
1507.9194444444445,N
1508.8944444444444,N
1509.8861111111112,N
1510.825,N
1511.8111111111111,N
1512.7777777777778,N
1513.7027777777778,N
1514.65,N
1515.611111111111,N
1516.5861111111112,N
1516.8472222222222,+
1517.1083333333333,V
1518.5194444444444,N
1519.0805555555555,V
1520.4388888888889,N
1521.0111111111112,V
1522.3444444444444,N
1522.9194444444445,V
1524.2305555555556,N
1524.7972222222222,V
1525.4305555555557,+
1526.0638888888889,N
1526.975,N
1527.5055555555555,V
1528.7694444444444,N
1529.6583333333333,N
1530.5388888888888,N
1530.8111111111111,+
1531.0861111111112,V
1532.3111111111111,N
1532.861111111111,V
1533.6527777777778,~
1534.0388888888888,N
1534.5694444444443,V
1535.1,+
1535.6333333333334,N
1536.4,N
1536.9194444444445,V
1537.8805555555555,N
1538.6305555555555,N
1539.3527777777779,N
1540.0638888888889,N
1540.786111111111,N
1541.5166666666667,N
1542.0611111111111,V
1543.0083333333334,N
1543.7833333333333,N
1544.3083333333334,V
1545.3361111111112,N
1545.888888888889,V
1546.4,~
1546.9222222222222,N
1547.6805555555557,N
1548.4305555555557,N
1548.986111111111,V
1550.0472222222222,N
1550.6416666666667,V
1551.6888888888889,N
1552.4916666666666,N
1553.3444444444444,N
1553.888888888889,V
1555.0722222222223,N
1555.95,N
1556.8472222222222,N
1557.3916666666667,V
1558.725,N
1559.7055555555555,N
1560.6527777777778,N
1561.5861111111112,N
1562.1138888888888,V
1563.5694444444443,N
1564.5222222222221,N
1565.4527777777778,N
1565.9805555555556,V
1567.3638888888888,N
1568.2944444444445,N
1569.236111111111,N
1570.1416666666667,N
1571.0722222222223,N
1572.0083333333334,N
1572.8583333333333,N
1573.7111111111112,N
1574.2388888888888,V
1575.3666666666666,N
1575.9083333333333,V
1577.1527777777778,N
1578.0111111111112,N
1578.8527777777779,N
1579.4416666666666,V
1580.6444444444444,N
1581.1805555555557,V
1582.4583333333333,N
1583.325,N
1584.2055555555555,N
1584.7416666666666,V
1585.9944444444445,N
1586.536111111111,V
1587.6916666666666,N
1588.4888888888888,N
1589.286111111111,N
1589.8138888888889,V
1590.9583333333333,N
1591.7527777777777,N
1592.55,N
1593.3333333333333,N
1593.861111111111,V
1594.9555555555555,N
1595.5222222222221,V
1596.6194444444445,N
1597.4444444444443,N
1598.25,N
1598.7944444444445,V
1599.9055555555556,N
1600.7277777777779,N
1601.5555555555557,N
1602.4222222222222,N
1603.2666666666667,N
1603.7888888888888,V
1605.1555555555556,N
1605.4166666666667,+
1605.6805555555557,V
1607.0722222222223,N
1607.9777777777779,N
1608.5055555555555,V
1609.8361111111112,N
1610.7666666666667,N
1611.2805555555556,V
1612.6916666666666,N
1613.7111111111112,N
1614.25,V
1614.9666666666667,+
1615.6833333333334,N
1616.2416666666666,V
1617.65,N
1618.6555555555556,N
1619.1972222222223,V
1620.6305555555555,N
1621.1583333333333,V
1622.6277777777777,N
1623.5833333333333,N
1624.5055555555555,N
1625.45,N
1626.3722222222223,N
1627.286111111111,N
1627.8166666666666,V
1629.2277777777779,N
1629.7694444444444,V
1631.0833333333333,N
1632.0527777777777,N
1632.9472222222223,N
1633.8083333333334,N
1634.3472222222222,V
1635.6055555555556,N
1636.1416666666667,V
1637.4138888888888,N
1638.3027777777777,N
1639.138888888889,N
1639.9666666666667,N
1640.861111111111,N
1641.4027777777778,V
1642.7194444444444,N
1643.6694444444445,N
1644.5805555555555,N
1645.4694444444444,N
1646.3638888888888,N
1647.2694444444444,N
1648.1583333333333,N
1649.1138888888888,N
1650.0611111111111,N
1650.9777777777779,N
1651.9333333333334,N
1652.9361111111111,N
1653.9,N
1654.8111111111111,N
1655.3777777777777,V
1656.75,N
1657.675,N
1658.1972222222223,V
1659.55,N
1660.4527777777778,N
1661.3361111111112,N
1662.25,N
1663.1694444444445,N
1664.1305555555555,N
1664.6833333333334,V
1666.088888888889,N
1667.0611111111111,N
1668.0527777777777,N
1669.0027777777777,N
1669.9833333333333,N
1670.5111111111112,V
1671.975,N
1672.536111111111,V
1674.0,N
1674.9472222222223,N
1675.4527777777778,V
1676.8805555555555,N
1677.8277777777778,N
1678.7777777777778,N
1679.6777777777777,N
1680.575,N
1681.15,V
1682.4888888888888,N
1683.3972222222221,N
1683.9194444444445,V
1685.25,N
1686.1666666666667,N
1687.0694444444443,N
1687.9527777777778,N
1688.8194444444443,N
1689.6972222222223,N
1690.6027777777779,N
1691.4916666666666,N
1692.375,N
1693.3444444444444,N
1694.2583333333334,N
1695.1333333333334,N
1695.6805555555557,V
1697.013888888889,N
1697.536111111111,V
1698.8638888888888,N
1699.8111111111111,N
1700.725,N
1701.5944444444444,N
1701.8527777777779,+
1702.111111111111,V
1703.425,N
1703.9777777777779,V
1705.25,N
1705.8277777777778,V
1706.486111111111,+
1707.1138888888888,N
1708.0444444444445,N
1708.9555555555555,N
1709.2527777777777,+
1709.5194444444444,V
1710.9,N
1711.8694444444445,N
1712.411111111111,V
1713.8277777777778,N
1714.7833333333333,N
1715.3222222222223,V
1716.0194444444444,+
1716.7194444444444,N
1717.6888888888889,N
1718.6305555555555,N
1719.588888888889,N
1720.5222222222221,N
1721.4527777777778,N
1722.463888888889,N
1723.4222222222222,N
1724.3777777777777,N
1725.3805555555555,N
1726.3583333333333,N
1727.3,N
1728.25,N
1729.2277777777779,N
1730.1833333333334,N
1731.0972222222222,N
1732.0722222222223,N
1733.0333333333333,N
1733.9333333333334,N
1734.8527777777779,N
1735.7916666666667,N
1736.7388888888888,N
1737.6833333333334,N
1738.6305555555555,N
1739.5833333333333,N
1740.4888888888888,N
1741.4416666666666,N
1742.3916666666667,N
1743.2944444444445,N
1744.2416666666666,N
1745.1888888888889,N
1746.111111111111,N
1747.0472222222222,N
1747.9944444444445,N
1748.9027777777778,N
1749.8222222222223,N
1750.763888888889,N
1751.7166666666667,N
1752.6305555555555,N
1753.5527777777777,N
1754.475,N
1755.3833333333334,N
1756.3111111111111,N
1757.2388888888888,N
1758.1444444444444,N
1758.675,V
1760.0166666666667,N
1760.5638888888889,V
1761.9138888888888,N
1762.8777777777777,N
1763.763888888889,N
1764.6361111111112,N
1765.525,N
1766.4,N
1767.2583333333334,N
1768.1138888888888,N
1769.0055555555555,N
1769.8861111111112,N
1770.7416666666666,N
1771.65,N
1772.5388888888888,N
1773.4166666666667,N
1773.9583333333333,V
1775.2777777777778,N
1776.2,N
1777.1083333333333,N
1778.0388888888888,N
1778.9666666666667,N
1779.875,N
1780.4222222222222,V
1781.8055555555557,N
1782.7555555555555,N
1783.6888888888889,N
1784.6638888888888,N
1785.6055555555556,N
1786.55,N
1787.5055555555555,N
1788.486111111111,N
1789.4277777777777,N
1790.3472222222222,N
1791.3305555555555,N
1792.3,N
1793.213888888889,N
1793.7472222222223,V
1795.0722222222223,N
1795.9916666666666,N
1796.888888888889,N
1797.7694444444444,N
1798.6666666666667,N
1799.5444444444445,N
1800.425,N
1801.3305555555555,N
1802.2,N
1803.1361111111112,N
1804.0777777777778,N
1804.9666666666667,N
